Peak#,X,Y,Phase
1,971,985,Tpp
2,626,942,Tpp
3,107,725,Tpp
4,461,88,Tpp
5,160,814,Tpp
6,64,264,Tpp
7,979,66,Tpp
8,305,813,Tpp
9,16,814,Tpp
10,42,857,Tpp
11,85,376,Tpp
12,871,86,Tpp
13,16,114,Tpp
14,58,178,Tpp
15,987,154,Tpp
16,1008,262,Tpp
17,955,65,Tpp
18,952,681,Tpp
19,476,855,Tpp
20,768,855,Tpp
21,30,439,Tpp
22,172,134,Tpp
23,90,815,Tpp
24,609,393,Tpp
25,903,681,Tpp
26,289,943,Tpp
27,187,857,Tpp
28,719,855,Tpp
29,395,331,Tpp
30,75,595,Tpp
31,485,549,Tpp
32,57,333,Tpp
33,767,461,Tpp
34,403,419,Tpp
35,950,129,Tpp
36,17,419,Tpp
37,508,944,Tpp
38,252,725,Tpp
39,289,88,Tpp
40,96,88,Tpp
41,823,943,Tpp
42,892,306,Tpp
43,789,767,Tpp
44,58,727,Tpp
45,435,551,Tpp
46,42,814,Tpp
47,590,724,Tpp
48,499,813,Tpp
49,517,67,Tpp
50,987,460,Tpp
51,29,134,Tpp
52,28,596,Tpp
53,921,85,Tpp
54,822,86,Tpp
55,56,638,Tpp
56,192,88,Tpp
57,154,178,Tpp
58,573,154,Tpp
59,568,767,Tpp
60,207,114,Tpp
61,925,638,Tpp
62,784,329,Tpp
63,677,550,Tpp
64,267,88,Tpp
65,70,203,Tpp
66,154,331,Tpp
67,774,86,Tpp
68,226,683,Tpp
69,112,814,Tpp
70,436,243,Tpp
71,631,242,Tpp
72,1001,372,Tpp
73,344,638,Tpp
74,198,27,Tpp
75,63,814,Tpp
76,630,393,Tpp
77,489,26,Tpp
78,427,114,Tpp
79,894,196,Tpp
80,726,742,Tpp
81,104,332,Tpp
82,381,855,Tpp
83,975,173,Tpp
84,454,45,Tpp
85,729,985,Tpp
86,809,66,Tpp
87,159,114,Tpp
88,848,942,Tpp
89,708,286,Tpp
90,915,305,Tpp
91,982,766,Tpp
92,35,877,Tpp
93,23,900,Tpp
94,559,394,Tpp
95,332,306,Tpp
96,392,27,Tpp
97,789,111,Tpp
98,332,462,Tpp
99,942,196,Tpp
100,934,767,Tpp
101,589,329,Tpp
102,213,46,Tpp
103,161,264,Tpp
104,973,437,Tpp
105,156,725,Tpp
106,607,86,Tpp
107,758,637,Tpp
108,477,461,Tpp
109,987,855,Tpp
110,849,86,Tpp
111,370,638,Tpp
112,499,768,Tpp
113,48,245,Tpp
114,353,812,Tpp
115,207,420,Tpp
116,947,86,Tpp
117,903,637,Tpp
118,97,551,Tpp
119,64,419,Tpp
120,126,134,Tpp
121,813,569,Tpp
122,347,330,Tpp
123,274,683,Tpp
124,291,244,Tpp
125,856,920,Tpp
126,671,854,Tpp
127,42,419,Tpp
128,249,331,Tpp
129,194,550,Tpp
130,644,767,Tpp
131,144,202,Tpp
132,291,550,Tpp
133,235,307,Tpp
134,540,331,Tpp
135,451,418,Tpp
136,644,217,Tpp
137,241,245,Tpp
138,829,637,Tpp
139,424,767,Tpp
140,485,243,Tpp
141,201,331,Tpp
142,635,637,Tpp
143,582,393,Tpp
144,934,216,Tpp
145,422,526,Tpp
146,701,944,Tpp
147,396,725,Tpp
148,539,724,Tpp
149,896,943,Tpp
150,102,26,Tpp
151,756,286,Tpp
152,665,767,Tpp
153,605,943,Tpp
154,172,985,Tpp
155,885,373,Tpp
156,687,330,Tpp
157,489,638,Tpp
158,323,682,Tpp
159,875,636,Tpp
160,961,107,Tpp
161,933,66,Tpp
162,445,724,Tpp
163,394,481,Tpp
164,943,984,Tpp
165,644,111,Tpp
166,952,637,Tpp
167,472,767,Tpp
168,353,418,Tpp
169,942,41,Tpp
170,780,23,Tpp
171,467,917,Tpp
172,588,438,Tpp
173,104,178,Tpp
174,943,153,Tpp
175,401,812,Tpp
176,955,767,Tpp
177,30,290,Tpp
178,919,506,Tpp
179,35,640,Tpp
180,838,260,Tpp
181,699,462,Tpp
182,653,943,Tpp
183,262,658,Tpp
184,296,638,Tpp
185,733,438,Tpp
186,166,658,Tpp
187,255,114,Tpp
188,239,943,Tpp
189,712,173,Tpp
190,616,216,Tpp
191,503,899,Tpp
192,420,176,Tpp
193,933,373,Tpp
194,91,461,Tpp
195,677,743,Tpp
196,312,201,Tpp
197,967,898,Tpp
198,1002,331,Tpp
199,521,1003,Tpp
200,683,129,Tpp
201,529,943,Tpp
202,966,505,Tpp
203,961,460,Tpp
204,670,107,Tpp
205,945,548,Tpp
206,991,85,Tpp
207,1000,66,Tpp
208,138,857,Tpp
209,18,264,Tpp
210,677,349,Tpp
211,952,918,Tpp
212,580,943,Tpp
213,208,813,Tpp
214,580,86,Tpp
215,115,418,Tpp
216,800,550,Tpp
217,201,177,Tpp
218,482,943,Tpp
219,41,115,Tpp
220,600,44,Tpp
221,723,943,Tpp
222,337,87,Tpp
223,450,113,Tpp
224,206,570,Tpp
225,386,899,Tpp
226,675,942,Tpp
227,226,919,Tpp
228,918,548,Tpp
229,84,221,Tpp
230,360,507,Tpp
231,816,306,Tpp
232,226,639,Tpp
233,935,261,Tpp
234,770,305,Tpp
235,703,983,Tpp
236,885,418,Tpp
237,121,747,Tpp
238,983,811,Tpp
239,471,963,Tpp
240,159,419,Tpp
241,848,550,Tpp
242,242,550,Tpp
243,525,855,Tpp
244,21,659,Tpp
245,970,242,Tpp
246,87,1005,Tpp
247,660,638,Tpp
248,276,375,Tpp
249,130,69,Tpp
250,844,855,Tpp
251,450,812,Tpp
252,264,703,Tpp
253,967,548,Tpp
254,300,724,Tpp
255,256,263,Tpp
256,150,27,Tpp
257,681,637,Tpp
258,248,27,Tpp
259,81,684,Tpp
260,977,329,Tpp
261,236,264,Tpp
262,918,942,Tpp
263,985,612,Tpp
264,305,113,Tpp
265,297,331,Tpp
266,859,66,Tpp
267,892,506,Tpp
268,940,855,Tpp
269,609,130,Tpp
270,35,684,Tpp
271,547,418,Tpp
272,429,855,Tpp
273,773,549,Tpp
274,152,638,Tpp
275,469,482,Tpp
276,306,263,Tpp
277,292,787,Tpp
278,807,680,Tpp
279,519,217,Tpp
280,387,393,Tpp
281,110,114,Tpp
282,186,463,Tpp
283,346,177,Tpp
284,182,769,Tpp
285,132,222,Tpp
286,344,27,Tpp
287,795,899,Tpp
288,622,855,Tpp
289,870,942,Tpp
290,186,813,Tpp
291,699,349,Tpp
292,649,898,Tpp
293,371,683,Tpp
294,886,811,Tpp
295,116,659,Tpp
296,576,306,Tpp
297,811,372,Tpp
298,90,857,Tpp
299,977,723,Tpp
300,490,874,Tpp
301,283,856,Tpp
302,69,508,Tpp
303,505,507,Tpp
304,628,508,Tpp
305,956,216,Tpp
306,761,216,Tpp
307,525,461,Tpp
308,810,767,Tpp
309,248,482,Tpp
310,902,285,Tpp
311,825,393,Tpp
312,665,67,Tpp
313,76,289,Tpp
314,521,767,Tpp
315,870,548,Tpp
316,727,242,Tpp
317,309,46,Tpp
318,305,419,Tpp
319,1014,897,Tpp
320,969,349,Tpp
321,933,1004,Tpp
322,1005,962,Tpp
323,908,766,Tpp
324,885,767,Tpp
325,330,419,Tpp
326,734,723,Tpp
327,228,526,Tpp
328,763,767,Tpp
329,283,813,Tpp
330,145,245,Tpp
331,568,217,Tpp
332,1000,21,Tpp
333,219,89,Tpp
334,316,596,Tpp
335,573,855,Tpp
336,991,983,Tpp
337,891,462,Tpp
338,846,196,Tpp
339,436,393,Tpp
340,138,814,Tpp
341,871,392,Tpp
342,839,613,Tpp
343,691,66,Tpp
344,423,218,Tpp
345,627,899,Tpp
346,639,724,Tpp
347,662,173,Tpp
348,91,309,Tpp
349,326,1003,Tpp
350,737,569,Tpp
351,129,638,Tpp
352,534,243,Tpp
353,269,551,Tpp
354,270,438,Tpp
355,164,46,Tpp
356,498,375,Tpp
357,407,506,Tpp
358,553,306,Tpp
359,692,812,Tpp
360,981,216,Tpp
361,780,638,Tpp
362,799,86,Tpp
363,969,197,Tpp
364,333,856,Tpp
365,180,218,Tpp
366,747,306,Tpp
367,498,569,Tpp
368,650,349,Tpp
369,667,613,Tpp
370,75,550,Tpp
371,808,173,Tpp
372,269,133,Tpp
373,979,525,Tpp
374,564,875,Tpp
375,204,726,Tpp
376,995,243,Tpp
377,526,263,Tpp
378,831,328,Tpp
379,545,768,Tpp
380,136,1005,Tpp
381,194,244,Tpp
382,907,66,Tpp
383,914,854,Tpp
384,906,172,Tpp
385,124,288,Tpp
386,120,202,Tpp
387,654,986,Tpp
388,227,69,Tpp
389,753,393,Tpp
390,332,157,Tpp
391,450,262,Tpp
392,977,681,Tpp
393,227,877,Tpp
394,8,640,Tpp
395,167,350,Tpp
396,381,462,Tpp
397,787,67,Tpp
398,23,202,Tpp
399,169,744,Tpp
400,567,526,Tpp
401,737,525,Tpp
402,547,812,Tpp
403,539,287,Tpp
404,844,155,Tpp
405,847,986,Tpp
406,301,963,Tpp
407,279,1,Tpp
408,931,525,Tpp
409,508,986,Tpp
410,640,570,Tpp
411,821,549,Tpp
412,352,571,Tpp
413,957,963,Tpp
414,836,67,Tpp
415,942,348,Tpp
416,431,157,Tpp
417,908,1006,Tpp
418,134,727,Tpp
419,104,638,Tpp
420,734,330,Tpp
421,146,394,Tpp
422,453,156,Tpp
423,316,88,Tpp
424,324,331,Tpp
425,256,570,Tpp
426,98,245,Tpp
427,146,551,Tpp
428,48,88,Tpp
429,875,984,Tpp
430,317,438,Tpp
431,665,725,Tpp
432,268,288,Tpp
433,654,550,Tpp
434,574,812,Tpp
435,952,481,Tpp
436,700,307,Tpp
437,138,614,Tpp
438,539,480,Tpp
439,677,197,Tpp
440,729,393,Tpp
441,806,637,Tpp
442,956,330,Tpp
443,438,638,Tpp
444,790,374,Tpp
445,789,260,Tpp
446,459,985,Tpp
447,419,917,Tpp
448,221,133,Tpp
449,516,875,Tpp
450,298,176,Tpp
451,171,89,Tpp
452,656,394,Tpp
453,48,552,Tpp
454,552,155,Tpp
455,476,612,Tpp
456,581,551,Tpp
457,459,944,Tpp
458,957,372,Tpp
459,574,461,Tpp
460,483,88,Tpp
461,725,350,Tpp
462,219,945,Tpp
463,208,263,Tpp
464,275,69,Tpp
465,603,197,Tpp
466,529,901,Tpp
467,816,416,Tpp
468,194,394,Tpp
469,330,813,Tpp
470,262,202,Tpp
471,284,157,Tpp
472,68,659,Tpp
473,98,394,Tpp
474,877,437,Tpp
475,349,724,Tpp
476,692,373,Tpp
477,304,1006,Tpp
478,532,393,Tpp
479,262,506,Tpp
480,512,288,Tpp
481,649,854,Tpp
482,718,261,Tpp
483,472,374,Tpp
484,690,568,Tpp
485,741,418,Tpp
486,672,461,Tpp
487,622,154,Tpp
488,227,374,Tpp
489,860,766,Tpp
490,1003,765,Tpp
491,212,309,Tpp
492,969,85,Tpp
493,670,154,Tpp
494,696,899,Tpp
495,781,131,Tpp
496,817,460,Tpp
497,852,242,Tpp
498,1006,567,Tpp
499,713,767,Tpp
500,952,874,Tpp
501,111,264,Tpp
502,782,481,Tpp
503,816,855,Tpp
504,373,374,Tpp
505,340,244,Tpp
506,413,594,Tpp
507,36,180,Tpp
508,725,197,Tpp
509,523,570,Tpp
510,442,482,Tpp
511,311,507,Tpp
512,941,504,Tpp
513,889,656,Tpp
514,395,175,Tpp
515,553,42,Tpp
516,185,614,Tpp
517,269,789,Tpp
518,235,813,Tpp
519,47,945,Tpp
520,706,393,Tpp
521,353,113,Tpp
522,337,507,Tpp
523,748,195,Tpp
524,414,550,Tpp
525,256,813,Tpp
526,431,943,Tpp
527,261,462,Tpp
528,423,725,Tpp
529,248,638,Tpp
530,838,768,Tpp
531,402,112,Tpp
532,357,658,Tpp
533,314,987,Tpp
534,25,945,Tpp
535,294,26,Tpp
536,428,305,Tpp
537,504,348,Tpp
538,558,87,Tpp
539,804,284,Tpp
540,618,373,Tpp
541,566,66,Tpp
542,581,242,Tpp
543,758,681,Tpp
544,520,374,Tpp
545,650,42,Tpp
546,597,417,Tpp
547,649,507,Tpp
548,475,570,Tpp
549,517,481,Tpp
550,444,176,Tpp
551,77,134,Tpp
552,850,393,Tpp
553,871,349,Tpp
554,1022,872,Tpp
555,276,177,Tpp
556,410,986,Tpp
557,67,47,Tpp
558,691,216,Tpp
559,359,202,Tpp
560,374,526,Tpp
561,732,638,Tpp
562,131,331,Tpp
563,702,85,Tpp
564,481,899,Tpp
565,531,550,Tpp
566,450,767,Tpp
567,399,218,Tpp
568,734,285,Tpp
569,494,682,Tpp
570,743,613,Tpp
571,77,834,Tpp
572,702,593,Tpp
573,533,787,Tpp
574,935,811,Tpp
575,710,524,Tpp
576,843,461,Tpp
577,1008,417,Tpp
578,829,437,Tpp
579,963,305,Tpp
580,536,638,Tpp
581,709,637,Tpp
582,308,657,Tpp
583,455,507,Tpp
584,885,217,Tpp
585,529,45,Tpp
586,966,942,Tpp
587,660,875,Tpp
588,345,482,Tpp
589,773,943,Tpp
590,884,66,Tpp
591,25,746,Tpp
592,687,723,Tpp
593,352,221,Tpp
594,755,242,Tpp
595,1008,459,Tpp
596,590,963,Tpp
597,542,920,Tpp
598,282,115,Tpp
599,434,199,Tpp
600,178,68,Tpp
601,467,638,Tpp
602,376,1005,Tpp
603,904,918,Tpp
604,381,155,Tpp
605,365,88,Tpp
606,444,962,Tpp
607,636,437,Tpp
608,252,683,Tpp
609,234,571,Tpp
610,795,305,Tpp
611,782,172,Tpp
612,784,724,Tpp
613,241,88,Tpp
614,595,262,Tpp
615,158,527,Tpp
616,387,243,Tpp
617,227,178,Tpp
618,43,461,Tpp
619,855,680,Tpp
620,931,918,Tpp
621,97,788,Tpp
622,871,786,Tpp
623,628,551,Tpp
624,467,683,Tpp
625,109,222,Tpp
626,380,813,Tpp
627,365,595,Tpp
628,614,174,Tpp
629,796,349,Tpp
630,809,215,Tpp
631,679,985,Tpp
632,230,769,Tpp
633,935,417,Tpp
634,423,373,Tpp
635,762,373,Tpp
636,320,832,Tpp
637,330,614,Tpp
638,441,26,Tpp
639,413,89,Tpp
640,144,88,Tpp
641,451,570,Tpp
642,595,1005,Tpp
643,329,1,Tpp
644,546,112,Tpp
645,597,812,Tpp
646,130,481,Tpp
647,964,699,Tpp
648,746,899,Tpp
649,10,440,Tpp
650,267,944,Tpp
651,17,1009,Tpp
652,613,639,Tpp
653,935,108,Tpp
654,66,616,Tpp
655,405,572,Tpp
656,428,462,Tpp
657,838,812,Tpp
658,211,1,Tpp
659,498,262,Tpp
660,790,811,Tpp
661,151,135,Tpp
662,676,86,Tpp
663,781,437,Tpp
664,366,438,Tpp
665,877,480,Tpp
666,135,1,Tpp
667,44,308,Tpp
668,132,374,Tpp
669,366,287,Tpp
670,706,242,Tpp
671,879,173,Tpp
672,231,726,Tpp
673,586,638,Tpp
674,790,613,Tpp
675,46,703,Tpp
676,928,331,Tpp
677,966,43,Tpp
678,234,463,Tpp
679,726,85,Tpp
680,196,986,Tpp
681,639,919,Tpp
682,481,45,Tpp
683,918,350,Tpp
684,339,395,Tpp
685,393,637,Tpp
686,599,899,Tpp
687,958,569,Tpp
688,826,985,Tpp
689,256,419,Tpp
690,81,69,Tpp
691,751,984,Tpp
692,36,334,Tpp
693,650,461,Tpp
694,332,264,Tpp
695,813,964,Tpp
696,906,373,Tpp
697,666,331,Tpp
698,634,595,Tpp
699,27,88,Tpp
700,819,658,Tpp
701,212,658,Tpp
702,386,508,Tpp
703,587,174,Tpp
704,796,700,Tpp
705,614,66,Tpp
706,437,787,Tpp
707,837,372,Tpp
708,610,437,Tpp
709,78,438,Tpp
710,558,130,Tpp
711,117,350,Tpp
712,236,158,Tpp
713,275,27,Tpp
714,492,724,Tpp
715,379,614,Tpp
716,676,506,Tpp
717,973,130,Tpp
718,594,218,Tpp
719,870,505,Tpp
720,241,508,Tpp
721,88,613,Tpp
722,726,787,Tpp
723,256,768,Tpp
724,703,550,Tpp
725,713,724,Tpp
726,448,526,Tpp
727,400,527,Tpp
728,215,201,Tpp
729,940,461,Tpp
730,1002,216,Tpp
731,713,216,Tpp
732,636,831,Tpp
733,740,768,Tpp
734,942,741,Tpp
735,215,507,Tpp
736,858,373,Tpp
737,185,419,Tpp
738,981,373,Tpp
739,613,481,Tpp
740,629,786,Tpp
741,713,66,Tpp
742,9,482,Tpp
743,922,986,Tpp
744,451,374,Tpp
745,479,155,Tpp
746,492,330,Tpp
747,476,263,Tpp
748,563,682,Tpp
749,252,919,Tpp
750,415,287,Tpp
751,975,481,Tpp
752,788,417,Tpp
753,595,768,Tpp
754,279,767,Tpp
755,339,551,Tpp
756,485,394,Tpp
757,923,593,Tpp
758,1006,612,Tpp
759,927,284,Tpp
760,82,526,Tpp
761,281,572,Tpp
762,628,351,Tpp
763,262,856,Tpp
764,768,153,Tpp
765,63,571,Tpp
766,891,41,Tpp
767,894,741,Tpp
768,754,830,Tpp
769,879,285,Tpp
770,375,768,Tpp
771,678,242,Tpp
772,741,813,Tpp
773,903,875,Tpp
774,900,128,Tpp
775,220,551,Tpp
776,441,874,Tpp
777,10,834,Tpp
778,519,331,Tpp
779,951,21,Tpp
780,854,638,Tpp
781,799,593,Tpp
782,240,703,Tpp
783,723,900,Tpp
784,221,439,Tpp
785,418,683,Tpp
786,380,306,Tpp
787,937,613,Tpp
788,655,788,Tpp
789,795,197,Tpp
790,382,45,Tpp
791,356,1,Tpp
792,580,350,Tpp
793,94,702,Tpp
794,695,656,Tpp
795,763,725,Tpp
796,644,373,Tpp
797,698,507,Tpp
798,821,900,Tpp
799,623,306,Tpp
800,857,173,Tpp
801,77,790,Tpp
802,372,177,Tpp
803,503,44,Tpp
804,795,154,Tpp
805,859,610,Tpp
806,527,306,Tpp
807,956,724,Tpp
808,905,526,Tpp
809,719,154,Tpp
810,367,833,Tpp
811,917,898,Tpp
812,802,393,Tpp
813,931,567,Tpp
814,837,1004,Tpp
815,647,614,Tpp
816,345,876,Tpp
817,318,788,Tpp
818,654,594,Tpp
819,898,86,Tpp
820,139,308,Tpp
821,323,482,Tpp
822,725,507,Tpp
823,920,392,Tpp
824,535,986,Tpp
825,325,374,Tpp
826,579,899,Tpp
827,416,438,Tpp
828,65,1,Tpp
829,515,918,Tpp
830,568,373,Tpp
831,991,943,Tpp
832,187,157,Tpp
833,165,507,Tpp
834,611,682,Tpp
835,1003,723,Tpp
836,918,42,Tpp
837,179,375,Tpp
838,552,507,Tpp
839,732,130,Tpp
840,50,395,Tpp
841,242,394,Tpp
842,249,176,Tpp
843,610,287,Tpp
844,850,788,Tpp
845,512,243,Tpp
846,563,638,Tpp
847,776,241,Tpp
848,565,481,Tpp
849,71,352,Tpp
850,37,376,Tpp
851,617,767,Tpp
852,656,88,Tpp
853,925,438,Tpp
854,366,132,Tpp
855,15,223,Tpp
856,554,348,Tpp
857,463,788,Tpp
858,464,131,Tpp
859,692,110,Tpp
860,700,742,Tpp
861,721,699,Tpp
862,999,637,Tpp
863,999,523,Tpp
864,62,115,Tpp
865,722,305,Tpp
866,673,305,Tpp
867,490,481,Tpp
868,179,177,Tpp
869,410,944,Tpp
870,693,418,Tpp
871,123,595,Tpp
872,187,264,Tpp
873,845,699,Tpp
874,941,306,Tpp
875,51,789,Tpp
876,415,394,Tpp
877,910,569,Tpp
878,278,965,Tpp
879,913,460,Tpp
880,509,88,Tpp
881,815,260,Tpp
882,37,769,Tpp
883,177,683,Tpp
884,552,855,Tpp
885,171,439,Tpp
886,455,856,Tpp
887,832,680,Tpp
888,759,524,Tpp
889,954,173,Tpp
890,388,986,Tpp
891,436,744,Tpp
892,988,699,Tpp
893,297,876,Tpp
894,82,482,Tpp
895,396,920,Tpp
896,776,786,Tpp
897,601,155,Tpp
898,774,393,Tpp
899,489,835,Tpp
900,510,549,Tpp
901,960,261,Tpp
902,290,395,Tpp
903,982,417,Tpp
904,636,172,Tpp
905,523,612,Tpp
906,513,438,Tpp
907,325,221,Tpp
908,746,462,Tpp
909,823,349,Tpp
910,126,437,Tpp
911,692,768,Tpp
912,433,900,Tpp
913,720,461,Tpp
914,192,902,Tpp
915,830,129,Tpp
916,959,611,Tpp
917,174,287,Tpp
918,458,743,Tpp
919,832,724,Tpp
920,360,349,Tpp
921,717,612,Tpp
922,126,833,Tpp
923,817,154,Tpp
924,853,828,Tpp
925,767,812,Tpp
926,661,681,Tpp
927,619,571,Tpp
928,409,350,Tpp
929,327,767,Tpp
930,445,920,Tpp
931,324,176,Tpp
932,166,201,Tpp
933,829,480,Tpp
934,386,87,Tpp
935,593,570,Tpp
936,689,526,Tpp
937,263,350,Tpp
938,50,353,Tpp
939,47,661,Tpp
940,81,639,Tpp
941,559,437,Tpp
942,781,831,Tpp
943,810,1004,Tpp
944,56,876,Tpp
945,973,832,Tpp
946,974,24,Tpp
947,774,744,Tpp
948,963,154,Tpp
949,359,856,Tpp
950,644,812,Tpp
951,50,201,Tpp
952,886,109,Tpp
953,910,611,Tpp
954,915,658,Tpp
955,304,571,Tpp
956,750,943,Tpp
957,683,173,Tpp
958,758,26,Tpp
959,99,746,Tpp
960,118,507,Tpp
961,323,638,Tpp
962,493,962,Tpp
963,822,742,Tpp
964,622,262,Tpp
965,143,701,Tpp
966,22,507,Tpp
967,373,220,Tpp
968,821,506,Tpp
969,292,986,Tpp
970,741,110,Tpp
971,721,812,Tpp
972,240,900,Tpp
973,260,900,Tpp
974,56,481,Tpp
975,387,788,Tpp
976,741,262,Tpp
977,678,787,Tpp
978,378,571,Tpp
979,591,919,Tpp
980,415,132,Tpp
981,215,350,Tpp
982,682,594,Tpp
983,515,682,Tpp
984,800,942,Tpp
985,337,900,Tpp
986,562,287,Tpp
987,423,1004,Tpp
988,685,480,Tpp
989,501,614,Tpp
990,477,305,Tpp
991,614,876,Tpp
992,273,919,Tpp
993,55,596,Tpp
994,978,918,Tpp
995,556,944,Tpp
996,807,481,Tpp
997,23,309,Tpp
998,310,350,Tpp
999,594,111,Tpp
1000,1022,829,Tpp
1001,469,68,Tpp
1002,852,129,Tpp
1003,323,876,Tpp
1004,265,743,Tpp
1005,699,856,Tpp
1006,739,373,Tpp
1007,434,508,Tpp
1008,823,786,Tpp
1009,392,594,Tpp
1010,109,571,Tpp
1011,413,789,Tpp
1012,331,114,Tpp
1013,213,901,Tpp
1014,453,899,Tpp
1015,842,899,Tpp
1016,797,742,Tpp
1017,885,1005,Tpp
1018,241,202,Tpp
1019,922,242,Tpp
1020,711,919,Tpp
1021,774,505,Tpp
1022,282,615,Tpp
1023,764,569,Tpp
1024,478,813,Tpp
1025,662,481,Tpp
1026,462,550,Tpp
1027,709,876,Tpp
1028,341,787,Tpp
1029,537,26,Tpp
1030,519,527,Tpp
1031,23,353,Tpp
1032,595,374,Tpp
1033,357,46,Tpp
1034,667,570,Tpp
1035,882,567,Tpp
1036,660,284,Tpp
1037,879,329,Tpp
1038,636,131,Tpp
1039,394,439,Tpp
1040,872,197,Tpp
1041,267,395,Tpp
1042,730,593,Tpp
1043,813,612,Tpp
1044,505,307,Tpp
1045,587,130,Tpp
1046,243,746,Tpp
1047,9,182,Tpp
1048,774,350,Tpp
1049,837,216,Tpp
1050,11,725,Tpp
1051,892,856,Tpp
1052,829,284,Tpp
1053,676,898,Tpp
1054,734,172,Tpp
1055,854,481,Tpp
1056,43,266,Tpp
1057,651,701,Tpp
1058,338,201,Tpp
1059,623,417,Tpp
1060,73,745,Tpp
1061,21,461,Tpp
1062,172,596,Tpp
1063,432,701,Tpp
1064,774,195,Tpp
1065,913,261,Tpp
1066,751,593,Tpp
1067,179,482,Tpp
1068,652,742,Tpp
1069,671,417,Tpp
1070,500,418,Tpp
1071,638,331,Tpp
1072,803,435,Tpp
1073,513,832,Tpp
1074,90,418,Tpp
1075,401,768,Tpp
1076,296,481,Tpp
1077,102,289,Tpp
1078,617,724,Tpp
1079,822,42,Tpp
1080,283,463,Tpp
1081,601,507,Tpp
1082,421,69,Tpp
1083,131,683,Tpp
1084,724,549,Tpp
1085,767,261,Tpp
1086,318,132,Tpp
1087,388,550,Tpp
1088,946,786,Tpp
1089,1000,481,Tpp
1090,184,114,Tpp
1091,349,682,Tpp
1092,990,742,Tpp
1093,173,834,Tpp
1094,664,216,Tpp
1095,456,307,Tpp
1096,852,284,Tpp
1097,584,25,Tpp
1098,377,1,Tpp
1099,71,939,None
1100,781,874,Tpp
1101,841,656,Tpp
1102,456,199,Tpp
1103,179,332,Tpp
1104,269,596,Tpp
1105,138,462,Tpp
1106,312,702,Tpp
1107,903,481,Tpp
1108,42,615,Tpp
1109,754,87,Tpp
1110,597,657,Tpp
1111,195,746,Tpp
1112,282,264,Tpp
1113,704,788,Tpp
1114,587,831,Tpp
1115,122,89,Tpp
1116,28,244,Tpp
1117,544,569,Tpp
1118,827,593,Tpp
1119,148,789,Tpp
1120,573,419,Tpp
1121,811,330,Tpp
1122,440,595,Tpp
1123,323,68,Tpp
1124,498,528,Tpp
1125,347,963,Tpp
1126,277,526,Tpp
1127,606,595,Tpp
1128,220,596,Tpp
1129,709,681,Tpp
1130,882,918,Tpp
1131,754,130,Tpp
1132,63,770,Tpp
1133,545,528,Tpp
1134,490,439,Tpp
1135,288,902,Tpp
1136,864,261,Tpp
1137,964,657,Tpp
1138,53,27,Tpp
1139,758,875,Tpp
1140,370,918,Tpp
1141,364,394,Tpp
1142,21,616,Tpp
1143,268,244,Tpp
1144,12,922,Tpp
1145,986,505,Tpp
1146,416,831,Tpp
1147,435,89,Tpp
1148,873,242,Tpp
1149,686,284,Tpp
1150,751,549,Tpp
1151,901,241,Tpp
1152,860,216,Tpp
1153,485,787,Tpp
1154,706,129,Tpp
1155,136,769,Tpp
1156,379,419,Tpp
1157,35,483,Tpp
1158,158,221,Tpp
1159,602,351,Tpp
1160,172,244,Tpp
1161,497,219,Tpp
1162,166,308,Tpp
1163,201,876,Tpp
1164,87,770,Tpp
1165,684,831,Tpp
1166,745,656,Tpp
1167,786,963,Tpp
1168,512,787,Tpp
1169,252,963,Tpp
1170,899,436,Tpp
1171,531,86,Tpp
1172,838,417,Tpp
1173,598,614,Tpp
1174,773,899,Tpp
1175,896,548,Tpp
1176,215,857,Tpp
1177,748,348,Tpp
1178,567,1003,Tpp
1179,25,704,Tpp
1180,158,569,Tpp
1181,549,614,Tpp
1182,506,742,Tpp
1183,94,46,Tpp
1184,771,700,Tpp
1185,714,1004,Tpp
1186,7,596,Tpp
1187,644,261,Tpp
1188,878,130,Tpp
1189,234,613,Tpp
1190,953,524,Tpp
1191,659,437,Tpp
1192,950,283,Tpp
1193,365,244,Tpp
1194,623,812,Tpp
1195,441,438,Tpp
1196,554,701,Tpp
1197,427,613,Tpp
1198,112,771,Tpp
1199,407,307,Tpp
1200,445,683,Tpp
1201,898,393,Tpp
1202,163,1004,Tpp
1203,962,811,Tpp
1204,570,570,Tpp
1205,631,988,Tpp
1206,741,67,Tpp
1207,419,638,Tpp
1208,244,788,Tpp
1209,114,1,Tpp
1210,56,290,Tpp
1211,830,172,Tpp
1212,778,593,Tpp
1213,103,482,Tpp
1214,676,43,Tpp
1215,640,961,Tpp
1216,888,1,Tpp
1217,95,660,Tpp
1218,274,637,Tpp
1219,687,681,Tpp
1220,236,856,Tpp
1221,296,833,Tpp
1222,823,197,Tpp
1223,892,154,Tpp
1224,453,614,Tpp
1225,754,436,Tpp
1226,973,593,Tpp
1227,386,351,Tpp
1228,948,241,Tpp
1229,81,334,Tpp
1230,558,551,Tpp
1231,887,261,Tpp
1232,11,136,Tpp
1233,30,790,Tpp
1234,184,1003,Tpp
1235,220,288,Tpp
1236,457,349,Tpp
1237,183,726,Tpp
1238,16,571,Tpp
1239,313,742,Tpp
1240,733,23,Tpp
1241,148,746,Tpp
1242,713,963,Tpp
1243,864,417,Tpp
1244,401,262,Tpp
1245,947,392,Tpp
1246,42,572,Tpp
1247,504,461,Tpp
1248,464,437,Tpp
1249,115,614,Tpp
1250,420,483,Tpp
1251,502,657,Tpp
1252,248,875,Tpp
1253,609,242,Tpp
1254,628,86,Tpp
1255,713,373,Tpp
1256,404,613,Tpp
1257,761,331,Tpp
1258,400,373,Tpp
1259,761,1004,Tpp
1260,192,351,Tpp
1261,220,394,Tpp
1262,616,331,Tpp
1263,865,154,Tpp
1264,861,570,Tpp
1265,641,527,Tpp
1266,476,113,Tpp
1267,802,129,Tpp
1268,372,69,Tpp
1269,48,507,Tpp
1270,946,943,Tpp
1271,581,745,Tpp
1272,75,90,Tpp
1273,772,44,Tpp
1274,207,375,Tpp
1275,804,242,Tpp
1276,542,683,Tpp
1277,962,854,Tpp
1278,150,987,Tpp
1279,732,875,Tpp
1280,137,114,Tpp
1281,720,417,Tpp
1282,545,67,Tpp
1283,747,155,Tpp
1284,916,700,Tpp
1285,330,572,Tpp
1286,988,305,Tpp
1287,999,916,Tpp
1288,515,638,Tpp
1289,276,220,Tpp
1290,572,613,Tpp
1291,837,109,Tpp
1292,651,306,Tpp
1293,334,943,Tpp
1294,694,613,Tpp
1295,980,261,Tpp
1296,671,811,Tpp
1297,309,902,Tpp
1298,79,26,Tpp
1299,356,900,Tpp
1300,1017,742,Tpp
1301,137,572,Tpp
1302,326,964,Tpp
1303,70,859,Tpp
1304,317,550,Tpp
1305,714,569,Tpp
1306,531,507,Tpp
1307,989,349,Tpp
1308,551,900,Tpp
1309,1022,127,Tpp
1310,538,875,Tpp
1311,344,596,Tpp
1312,615,528,Tpp
1313,108,685,Tpp
1314,558,788,Tpp
1315,970,393,Tpp
1316,359,306,Tpp
1317,234,420,Tpp
1318,383,944,Tpp
1319,711,481,Tpp
1320,560,831,Tpp
1321,907,214,Tpp
1322,759,481,Tpp
1323,116,900,Tpp
1324,506,702,Tpp
1325,524,419,Tpp
1326,683,24,Tpp
1327,372,483,Tpp
1328,912,418,Tpp
1329,547,219,Tpp
1330,573,263,Tpp
1331,436,986,Tpp
1332,723,657,Tpp
1333,463,394,Tpp
1334,219,746,Tpp
1335,523,112,Tpp
1336,782,285,Tpp
1337,770,657,Tpp
1338,759,173,Tpp
1339,764,612,Tpp
1340,786,919,Tpp
1341,1022,19,Tpp
1342,465,832,Tpp
1343,395,875,Tpp
1344,623,461,Tpp
1345,396,683,Tpp
1346,581,787,Tpp
1347,261,45,Tpp
1348,787,568,Tpp
1349,20,48,Tpp
1350,888,613,Tpp
1351,199,639,Tpp
1352,620,613,Tpp
1353,101,988,Tpp
1354,664,918,Tpp
1355,361,702,Tpp
1356,393,832,Tpp
1357,644,417,Tpp
1358,847,593,Tpp
1359,788,1004,Tpp
1360,145,507,Tpp
1361,164,856,Tpp
1362,662,525,Tpp
1363,907,723,Tpp
1364,617,921,Tpp
1365,919,743,Tpp
1366,318,245,Tpp
1367,1014,84,Tpp
1368,230,1004,Tpp
1369,123,551,Tpp
1370,85,726,Tpp
1371,301,684,Tpp
1372,629,196,Tpp
1373,564,174,Tpp
1374,794,462,Tpp
1375,362,744,Tpp
1376,253,221,Tpp
1377,43,159,Tpp
1378,568,725,Tpp
1379,73,989,Tpp
1380,915,154,Tpp
1381,83,179,Tpp
1382,352,374,Tpp
1383,557,594,Tpp
1384,512,395,Tpp
1385,651,196,Tpp
1386,132,178,Tpp
1387,501,155,Tpp
1388,577,657,Tpp
1389,484,744,Tpp
1390,930,723,Tpp
1391,606,551,Tpp
1392,871,899,Tpp
1393,1009,304,Tpp
1394,104,595,Tpp
1395,104,135,Tpp
1396,748,742,Tpp
1397,938,656,Tpp
1398,60,685,Tpp
1399,360,986,Tpp
1400,471,725,Tpp
1401,97,353,Tpp
1402,761,67,Tpp
1403,796,42,Tpp
1404,906,330,Tpp
1405,275,332,Tpp
1406,310,855,Tpp
1407,274,483,Tpp
1408,228,220,Tpp
1409,806,21,Tpp
1410,408,463,Tpp
1411,191,701,Tpp
1412,759,918,Tpp
1413,407,45,Tpp
1414,925,21,Tpp
1415,327,726,Tpp
1416,121,703,Tpp
1417,340,986,Tpp
1418,428,263,Tpp
1419,111,375,Tpp
1420,986,656,Tpp
1421,529,155,Tpp
1422,993,549,Tpp
1423,921,787,Tpp
1424,866,460,Tpp
1425,36,221,Tpp
1426,468,876,Tpp
1427,217,703,Tpp
1428,869,43,Tpp
1429,739,216,Tpp
1430,746,506,Tpp
1431,864,110,Tpp
1432,712,331,Tpp
1433,553,462,Tpp
1434,262,308,Tpp
1435,257,1,Tpp
1436,545,1005,Tpp
1437,290,201,Tpp
1438,516,27,Tpp
1439,957,1004,Tpp
1440,303,526,Tpp
1441,198,134,Tpp
1442,457,702,Tpp
1443,908,963,Tpp
1444,753,787,Tpp
1445,692,1005,Tpp
1446,659,244,Tpp
1447,15,529,Tpp
1448,978,960,Tpp
1449,115,46,Tpp
1450,881,681,Tpp
1451,141,157,Tpp
1452,163,616,Tpp
1453,900,829,Tpp
1454,387,199,Tpp
1455,394,133,Tpp
1456,38,1006,Tpp
1457,979,568,Tpp
1458,316,394,Tpp
1459,471,218,Tpp
1460,461,595,Tpp
1461,541,175,Tpp
1462,946,592,Tpp
1463,442,287,Tpp
1464,735,680,Tpp
1465,38,727,Tpp
1466,665,1005,Tpp
1467,946,436,Tpp
1468,764,964,Tpp
1469,855,523,Tpp
1470,854,25,Tpp
1471,336,700,Tpp
1472,975,284,Tpp
1473,939,898,Tpp
1474,920,196,Tpp
1475,297,133,Tpp
1476,1010,811,Tpp
1477,577,700,Tpp
1478,463,244,Tpp
1479,686,960,Tpp
1480,852,437,Tpp
1481,684,437,Tpp
1482,534,745,Tpp
1483,222,789,Tpp
1484,144,659,Tpp
1485,117,309,Tpp
1486,859,1002,Tpp
1487,786,525,Tpp
1488,629,744,Tpp
1489,318,290,Tpp
1490,227,332,Tpp
1491,602,702,Tpp
1492,307,615,Tpp
1493,925,481,Tpp
1494,638,67,Tpp
1495,929,680,Tpp
1496,834,568,Tpp
1497,226,483,Tpp
1498,657,129,Tpp
1499,282,419,Tpp
1500,178,526,Tpp
1501,409,702,Tpp
1502,855,876,Tpp
1503,216,987,Tpp
1504,801,787,Tpp
1505,200,595,Tpp
1506,187,307,Tpp
1507,691,260,Tpp
1508,325,526,Tpp
1509,767,418,Tpp
1510,969,743,Tpp
1511,862,962,Tpp
1512,87,1,Tpp
1513,878,874,Tpp
1514,928,172,Tpp
1515,380,263,Tpp
1516,152,289,Tpp
1517,865,810,Tpp
1518,191,658,Tpp
1519,673,699,Tpp
1520,9,291,Tpp
1521,927,129,Tpp
1522,315,944,Tpp
1523,503,855,Tpp
1524,602,307,Tpp
1525,9,876,Tpp
1526,306,767,Tpp
1527,866,305,Tpp
1528,936,1,Tpp
1529,999,875,Tpp
1530,196,787,Tpp
1531,547,374,Tpp
1532,150,834,Tpp
1533,26,988,Tpp
1534,732,832,Tpp
1535,152,480,Tpp
1536,679,392,Tpp
1537,866,698,Tpp
1538,429,420,Tpp
1539,645,1,Tpp
1540,374,726,Tpp
1541,35,527,Tpp
1542,335,658,Tpp
1543,767,112,Tpp
1544,1009,698,Tpp
1545,604,986,Tpp
1546,658,830,Tpp
1547,297,289,Tpp
1548,97,203,Tpp
1549,17,378,Tpp
1550,232,2,Tpp
1551,212,614,Tpp
1552,537,438,Tpp
1553,359,156,Tpp
1554,299,921,Tpp
1555,452,657,Tpp
1556,34,68,Tpp
1557,287,658,Tpp
1558,462,286,Tpp
1559,834,919,Tpp
1560,1007,854,Tpp
1561,383,701,Tpp
1562,468,176,Tpp
1563,177,877,Tpp
1564,582,986,Tpp
1565,223,833,Tpp
1566,344,832,Tpp
1567,511,131,Tpp
1568,124,396,Tpp
1569,321,918,Tpp
1570,666,372,Tpp
1571,350,527,Tpp
1572,646,656,Tpp
1573,567,330,Tpp
1574,586,595,Tpp
1575,486,985,Tpp
1576,362,944,Tpp
1577,698,43,Tpp
1578,592,68,Tpp
1579,483,201,Tpp
1580,725,44,Tpp
1581,290,507,Tpp
1582,287,701,Tpp
1583,1015,392,Tpp
1584,590,682,Tpp
1585,413,244,Tpp
1586,441,133,Tpp
1587,295,596,Tpp
1588,13,71,Tpp
1589,509,595,Tpp
1590,344,439,Tpp
1591,355,615,Tpp
1592,174,790,Tpp
1593,883,525,Tpp
1594,229,964,Tpp
1595,747,701,Tpp
1596,87,572,Tpp
1597,1003,172,Tpp
1598,996,285,Tpp
1599,699,700,Tpp
1600,345,132,Tpp
1601,132,526,Tpp
1602,941,701,Tpp
1603,239,658,Tpp
1604,373,963,Tpp
1605,423,963,Tpp
1606,580,506,Tpp
1607,556,986,Tpp
1608,245,986,Tpp
1609,279,1004,Tpp
1610,51,988,Tpp
1611,359,463,Tpp
1612,117,858,Tpp
1613,152,876,Tpp
1614,429,814,Tpp
1615,338,350,Tpp
1616,271,833,Tpp
1617,407,857,Tpp
1618,241,351,Tpp
1619,707,438,Tpp
1620,609,829,Tpp
1621,818,697,Tpp
1622,279,725,Tpp
1623,129,921,None
1624,892,701,Tpp
1625,373,331,Tpp
1626,667,962,Tpp
1627,788,216,Tpp
1628,825,241,Tpp
1629,29,553,Tpp
1630,808,920,Tpp
1631,103,438,Tpp
1632,637,286,Tpp
1633,695,1,Tpp
1634,784,681,Tpp
1635,573,114,Tpp
1636,371,876,Tpp
1637,491,174,Tpp
1638,479,701,Tpp
1639,297,440,Tpp
1640,1008,107,Tpp
1641,395,963,Tpp
1642,876,25,Tpp
1643,994,393,Tpp
1644,69,309,Tpp
1645,123,244,Tpp
1646,925,831,Tpp
1647,128,877,Tpp
1648,442,833,Tpp
1649,1022,284,Tpp
1650,974,873,Tpp
1651,247,834,Tpp
1652,410,743,Tpp
1653,706,830,Tpp
1654,795,856,Tpp
1655,739,1005,Tpp
1656,548,262,Tpp
1657,253,69,Tpp
1658,858,330,Tpp
1659,10,964,Tpp
1660,201,834,Tpp
1661,974,638,Tpp
1662,168,702,Tpp
1663,116,462,Tpp
1664,190,47,Tpp
1665,792,656,Tpp
1666,138,265,Tpp
1667,564,917,Tpp
1668,418,27,Tpp
1669,399,69,Tpp
1670,893,348,Tpp
1671,498,1006,Tpp
1672,602,462,Tpp
1673,206,221,Tpp
1674,451,1005,Tpp
1675,123,986,Tpp
1676,322,27,Tpp
1677,604,744,Tpp
1678,163,1,Tpp
1679,449,219,Tpp
1680,930,962,Tpp
1681,310,307,Tpp
1682,144,351,Tpp
1683,569,964,Tpp
1684,65,1008,Tpp
1685,548,1,Tpp
1686,393,286,Tpp
1687,491,288,Tpp
1688,634,23,Tpp
1689,185,571,Tpp
1690,55,439,Tpp
1691,505,199,Tpp
1692,247,287,Tpp
1693,89,115,Tpp
1694,105,835,Tpp
1695,1014,505,Tpp
1696,587,872,Tpp
1697,292,745,Tpp
1698,635,875,Tpp
1699,62,222,Tpp
1700,746,855,Tpp
1701,625,700,Tpp
1702,365,551,Tpp
1703,538,830,Tpp
1704,970,785,Tpp
1705,1,787,Tpp
1706,255,526,Tpp
1707,897,593,Tpp
1708,404,1,Tpp
1709,405,657,Tpp
1710,431,45,Tpp
1711,48,48,Tpp
1712,371,27,Tpp
1713,700,198,Tpp
1714,275,876,Tpp
1715,561,244,Tpp
1716,354,262,Tpp
1717,1022,636,Tpp
1718,50,748,Tpp
1719,807,876,Tpp
1720,835,524,Tpp
1721,519,724,Tpp
1722,811,724,Tpp
1723,72,703,Tpp
1724,684,875,Tpp
1725,62,70,Tpp
1726,990,197,Tpp
1727,235,114,Tpp
1728,576,45,Tpp
1729,737,960,Tpp
1730,528,701,Tpp
1731,137,420,Tpp
1732,986,1,Tpp
1733,798,984,Tpp
1734,427,571,Tpp
1735,209,768,Tpp
1736,878,722,Tpp
1737,980,1004,Tpp
1738,688,918,Tpp
1739,219,244,Tpp
1740,803,829,Tpp
1741,76,245,Tpp
1742,746,43,Tpp
1743,193,201,Tpp
1744,304,221,Tpp
1745,867,656,Tpp
1746,265,988,Tpp
1747,498,111,Tpp
1748,430,658,Tpp
1749,898,787,Tpp
1750,621,109,Tpp
1751,494,919,Tpp
1752,636,481,Tpp
1753,1011,941,Tpp
1754,31,833,Tpp
1755,986,40,Tpp
1756,601,855,Tpp
1757,927,873,Tpp
1758,608,787,Tpp
1759,625,43,Tpp
1760,531,350,Tpp
1761,817,812,Tpp
1762,542,963,Tpp
1763,198,441,Tpp
1764,10,332,Tpp
1765,878,832,Tpp
1766,467,26,Tpp
1767,914,810,Tpp
1768,864,854,Tpp
1769,612,23,Tpp
1770,475,1,Tpp
1771,408,199,Tpp
1772,1012,656,Tpp
1773,205,526,Tpp
1774,737,920,Tpp
1775,996,831,Tpp
1776,1015,197,Tpp
1777,63,374,Tpp
1778,483,350,Tpp
1779,75,395,Tpp
1780,227,26,Tpp
1781,91,158,Tpp
1782,178,638,Tpp
1783,110,527,Tpp
1784,158,374,Tpp
1785,844,43,Tpp
1786,551,656,Tpp
1787,82,879,Tpp
1788,350,67,Tpp
1789,379,114,Tpp
1790,893,898,Tpp
1791,765,1,Tpp
1792,258,1005,Tpp
1793,352,1008,Tpp
1794,34,919,Tpp
1795,1010,154,Tpp
1796,987,898,Tpp
1797,184,1,Tpp
1798,980,110,Tpp
1799,617,1004,Tpp
1800,991,595,Tpp
1801,345,289,Tpp
1802,23,857,Tpp
1803,733,480,Tpp
1804,714,1,Tpp
1805,385,658,Tpp
1806,830,832,Tpp
1807,336,45,Tpp
1808,90,265,Tpp
1809,994,129,Tpp
1810,407,899,Tpp
1811,129,30,Tpp
1812,289,350,Tpp
1813,697,154,Tpp
1814,30,395,Tpp
1815,673,658,Tpp
1816,625,657,Tpp
1817,347,920,Tpp
1818,248,595,Tpp
1819,456,462,Tpp
1820,522,1,Tpp
1821,41,3,Tpp
1822,480,659,Tpp
1823,205,684,Tpp
1824,776,985,Tpp
1825,639,680,Tpp
1826,247,439,Tpp
1827,162,770,Tpp
1828,388,744,Tpp
1829,903,23,Tpp
1830,839,1,Tpp
1831,477,419,Tpp
1832,594,528,Tpp
1833,643,1008,Tpp
1834,1022,435,Tpp
1835,489,596,Tpp
1836,718,108,Tpp
1837,471,526,Tpp
1838,67,461,Tpp
1839,260,614,Tpp
1840,195,957,None
1841,213,464,Tpp
1842,55,135,Tpp
1843,961,417,Tpp
1844,204,68,Tpp
1845,171,395,Tpp
1846,809,524,Tpp
1847,426,1,Tpp
1848,537,593,Tpp
1849,948,830,Tpp
1850,998,681,Tpp
1851,531,199,Tpp
1852,157,684,Tpp
1853,1016,42,Tpp
1854,419,876,Tpp
1855,400,1006,Tpp
1856,95,901,None
1857,171,551,Tpp
1858,66,957,None
1859,113,1005,Tpp
1860,495,67,Tpp
1861,580,198,Tpp
1862,199,288,Tpp
1863,261,156,Tpp
1864,289,47,Tpp
1865,1023,328,Tpp
1866,883,961,Tpp
1867,142,47,Tpp
1868,339,745,Tpp
1869,108,68,Tpp
1870,239,46,Tpp
1871,165,463,Tpp
1872,248,133,Tpp
1873,0,945,Tpp
1874,156,66,Tpp
1875,561,23,Tpp
1876,310,462,Tpp
1877,283,307,Tpp
1878,423,331,Tpp
1879,709,25,Tpp
1880,212,157,Tpp
1881,303,69,Tpp
1882,1017,785,Tpp
1883,896,1023,Tpp
1884,829,20,Tpp
1885,666,0,Tpp
1886,995,786,Tpp
1887,1022,478,Tpp
1888,447,68,Tpp
1889,617,964,Tpp
1890,649,154,Tpp
1891,1022,592,Tpp
1892,670,262,Tpp
1893,55,836,Tpp
1894,1014,548,Tpp
1895,527,659,Tpp
1896,177,27,Tpp
1897,1023,960,Tpp
1898,520,964,Tpp
1899,908,1,Tpp
1900,1023,917,Tpp
1901,845,349,Tpp
1902,165,159,Tpp
1903,483,508,Tpp
1904,842,303,Tpp
1905,895,984,Tpp
1906,61,528,Tpp
1907,306,1,Tpp
1908,469,330,Tpp
1909,1,201,Tpp
1910,838,964,Tpp
1911,39,964,Tpp
1912,661,23,Tpp
1913,441,338,Tpp
1914,796,505,Tpp
1915,310,155,Tpp
1916,597,0,Tpp
1917,1017,985,Tpp
1918,16,769,Tpp
1919,200,481,Tpp
1920,150,439,Tpp
1921,191,507,Tpp
1922,453,0,Tpp
1923,119,157,Tpp
1924,828,872,Tpp
1925,843,505,Tpp
1926,500,1,Tpp
1927,1018,240,Tpp
1928,49,901,Tpp
1929,0,88,Tpp
1930,96,508,Tpp
1931,1023,524,Tpp
1932,3,989,Tpp
1933,151,595,Tpp
1934,302,374,Tpp
1935,103,877,Tpp
1936,1014,349,Tpp
1937,365,788,Tpp
1938,876,593,Tpp
1939,19,2,Tpp
1940,471,1002,Tpp
1941,744,0,Tpp
1942,553,742,Tpp
1943,71,907,None
1944,23,160,Tpp
1945,125,789,Tpp
1946,0,703,Tpp
1947,209,1006,Tpp
1948,707,1023,Tpp
1949,13,685,Tpp
1950,5,551,Tpp
1951,792,0,Tpp
1952,34,27,Tpp
1953,814,110,Tpp
1954,144,937,None
1955,572,0,Tpp
1956,554,198,Tpp
1957,872,742,Tpp
1958,588,479,Tpp
1959,492,131,Tpp
1960,114,957,None
1961,245,1023,Tpp
1962,858,722,Tpp
1963,538,130,Tpp
1964,911,108,Tpp
1965,0,244,Tpp
1966,919,1023,Tpp
1967,995,436,Tpp
1968,0,46,Tpp
1969,176,938,None
1970,253,374,Tpp
1971,860,0,Tpp
1972,160,956,None
1973,3,746,Tpp
1974,68,157,Tpp
1975,588,286,Tpp
1976,56,923,Tpp
1977,871,1023,Tpp
1978,435,1023,Tpp
1979,1,393,Tpp
1980,959,0,Tpp
1981,947,1023,Tpp
1982,1023,171,Tpp
1983,846,739,Tpp
1984,196,1023,Tpp
1985,0,508,Tpp
1986,1022,723,Tpp
1987,140,956,None
1988,291,1023,Tpp
1989,967,1023,Tpp
1990,174,920,None
1991,485,1023,Tpp
1992,823,1023,Tpp
1993,811,0,Tpp
1994,337,1023,Tpp
1995,6,30,Tpp
1996,1007,0,Tpp
1997,164,899,Tpp
1998,1003,1003,Tpp
1999,0,463,Tpp
2000,0,902,Tpp
2001,1023,216,Tpp
2002,126,939,None
2003,1011,1023,Tpp
2004,83,917,None
2005,1023,1000,Tpp
2006,435,353,Tpp
2007,415,1023,Tpp
2008,620,0,Tpp
2009,0,307,Tpp
2010,367,1023,Tpp
2011,535,1023,Tpp
2012,771,1023,Tpp
2013,728,1023,Tpp
2014,803,1023,Tpp
2015,0,349,Tpp
2016,148,914,None
2017,1023,563,Tpp
2018,206,920,Tpp
2019,351,766,Tpp
2020,0,660,Tpp
2021,405,155,Tpp
2022,609,1023,Tpp
2023,386,1023,Tpp
2024,0,160,Tpp
2025,463,1023,Tpp
2026,85,958,None
2027,101,1023,Tpp
2028,584,1023,Tpp
2029,177,1023,Tpp
2030,559,1017,Tpp
